INSERT INTO admin_users(username, password)
VALUES ('admin', 'admin1234');

INSERT INTO subs_account (email, username, sub_pass)
VALUES ('horatio@dbmail.com', 'horatio1', 'horatio2522');
INSERT INTO subs_account (email, username, sub_pass)
VALUES ('hamlet@bingmail.com', 'hamlet09', 'hamlet1210');
INSERT INTO subs_account (email, username, sub_pass)
VALUES ('albus@mail.com', 'albus10', 'albus1018');
INSERT INTO subs_account (email, username, sub_pass)
VALUES ('harry@gomail.com', 'harrypotter', 'harry93/4');
INSERT INTO subs_account (email, username, sub_pass)
VALUES ('rob@mmail.com', 'robstel', 'stel@1214');
INSERT INTO subs_account (email, username, sub_pass)
VALUES ('robinson@dbmail.com', 'robinson01', 'robinson#32');
INSERT INTO subs_account (email, username, sub_pass)
VALUES ('jacob@mail.com', 'jacobwhatson', 'watson5673');
INSERT INTO subs_account (email, username, sub_pass)
VALUES ("rattytytat@ratratrat.com","mr.rat1","I love cheese!!!");
INSERT INTO subs_account (email, username, sub_pass)
VALUES ("jamiebond@bingmail.com","mr.bond","jbond007");
INSERT INTO subs_account (email, username, sub_pass)
VALUES ("cattycat@bingmail.com","catastrophic","kittens5");

INSERT INTO video_streaming VALUES('horatio@dbmail.com', 'www.netflix.com', 'www.netflix.com/upcoming_shows', 'www.netflix.com/latest_releases', 5,30);
INSERT INTO video_streaming VALUES('rob@mmail.com', 'www.netflix.com', 'www.netflix.com/upcoming_shows', 'www.netflix.com/latest_releases', 3,16);
INSERT INTO video_streaming VALUES('robinson@dbmail.com', 'www.amazon.com/prime-video', 'www.amazon.com/prime-video/upcoming_shows', 'www.amazon.com/prime-video/latest_releases', 7,24);
INSERT INTO video_streaming VALUES('harry@gomail.com', 'www.amazon.com/prime-video', 'www.amazon.com/prime-video/upcoming_shows', 'www.amazon.com/prime-video/latest_releases', 7,24);
INSERT INTO video_streaming VALUES('hamlet@bingmail.com', 'www.youtube.com', 'www.youtube.com/upcoming_shows', 'www.youtube.com/latest_releases', 6,18);
INSERT INTO video_streaming VALUES('albus@mail.com', 'www.vimeo.com', 'www.vimeo.com/upcoming_shows', 'www.vimeo.com/latest_releases', 6,18);
INSERT INTO video_streaming VALUES('rattytytat@ratratrat.com', 'www.vimeo.com', 'www.vimeo.com/upcoming_shows', 'www.vimeo.com/latest_releases', 8,23);

INSERT INTO music_streaming VALUES('rob@mmail.com', 'www.apple.com/apple-music', 'www.apple.com/apple-music/upcoming_albums', 'www.apple.com/apple-music/latest_hits');
INSERT INTO music_streaming VALUES('robinson@dbmail.com', 'www.apple.com/apple-music', 'www.apple.com/apple-music/upcoming_albums', 'www.apple.com/apple-music/latest_hits');
INSERT INTO music_streaming VALUES('harry@gomail.com', 'www.spotify.com', 'www.spotify.com/upcoming_albums', 'www.spotify.com/latest-hits');
INSERT INTO music_streaming VALUES('albus@mail.com', 'www.spotify.com', 'www.spotify.com/upcoming_albums', 'www.spotify.com/latest-hits');
INSERT INTO music_streaming VALUES('robinson@dbmail.com', 'www.spotify.com', 'www.spotify.com/upcoming_albums', 'www.spotify.com/latest-hits');
INSERT INTO music_streaming VALUES('hamlet@bingmail.com', 'www.google.com/google-play', 'www.google.com/google-play/upcoming_albums', 'www.google.com/google-play/latest-hits');
INSERT INTO music_streaming VALUES('horatio@dbmail.com', 'www.google.com/google-play', 'www.google.com/google-play/upcoming_albums', 'www.google.com/google-play/latest-hits');
INSERT INTO music_streaming VALUES('cattycat@bingmail.com', 'www.google.com/google-play', 'www.google.com/google-play/upcoming_albums', 'www.google.com/google-play/latest-hits');
INSERT INTO music_streaming VALUES('jamiebond@bingmail.com', 'www.spotify.com', 'www.spotify.com/upcoming_albums', 'www.spotify.com/latest-hits');
INSERT INTO music_streaming VALUES('jamiebond@bingmail.com', 'www.apple.com/apple-music', 'www.apple.com/apple-music/upcoming_albums', 'www.apple.com/apple-music/latest_hits');
INSERT INTO music_streaming VALUES('rattytytat@ratratrat.com', 'www.spotify.com', 'www.spotify.com/upcoming_albums', 'www.spotify.com/latest-hits');
INSERT INTO music_streaming VALUES('jacob@mail.com', 'www.google.com/google-play', 'www.google.com/google-play/upcoming_albums', 'www.google.com/google-play/latest-hits');

INSERT INTO magazine VALUES('cattycat@bingmail.com', 'www.economist.com', 1,'www.economist.com/latest_release');
INSERT INTO magazine VALUES('jamiebond@bingmail.com', 'www.economist.com', 0,'www.economist.com/latest_release');
INSERT INTO magazine VALUES('cattycat@bingmail.com', 'www.nytimes.com', 1,'www.nytimes.com/latest_release');
INSERT INTO magazine VALUES('horatio@dbmail.com', 'www.theguardian.com', 1,'www.theguardian.com/latest_release');
INSERT INTO magazine VALUES('hamlet@bingmail.com', 'www.theweek.com', 0,'www.theweek.com/latest_release');
INSERT INTO magazine VALUES('albus@mail.com', 'www.theguardian.com', 0,'www.theguardian.com/latest_release');
INSERT INTO magazine VALUES('rattytytat@ratratrat.com', 'www.nytimes.com', 1,'www.nytimes.com/latest_release');

INSERT INTO software_suite VALUES('albus@mail.com','www.msoffice.com', '2022/09/18');
INSERT INTO software_suite VALUES("jamiebond@bingmail.com",'www.adobe.com', '2023/07/19');
INSERT INTO software_suite VALUES("rattytytat@ratratrat.com",'www.google.com', '2024/06/01');
INSERT INTO software_suite VALUES('horatio@mail.com','www.msoffice.com', '2025/05/02');
INSERT INTO software_suite VALUES('albus@mail.com','www.norton360.com', '2026/04/07');
INSERT INTO software_suite VALUES('hamlet@bingmail.com','www.adobe.com', '2028/08/28');

INSERT INTO VPN VALUES ('albus@mail.com', 'www.nordVPN.com', 4, 'Paris, Munich, London, Los Angeles, New York, Vancouver, Manila, Kathmandu, New Delhi, Moscow');
INSERT INTO VPN VALUES ('harry@gomail.com', 'www.myVPN.com', 5, 'Nice, Berlin, Glasgow, New York, Washington, Ottawa, Manilla, Pokhara, Chennai, St Petersburg');
INSERT INTO VPN VALUES ('rattytytat@ratratrat.com', 'www.surfshark.com', 6, 'Frankfurt, Paris, Amsterdam, Liege, New York, Vienna, Budapest, Stockholm, Bucharest, Moscow');
INSERT INTO VPN VALUES ('jamiebond@bingmail.com', 'www.privatevpn.com', 4, 'Frankfurt, Rome, Lisbon, Liege, New York, Athens, Budapest, Dublin, Barcelona, Warsaw');
INSERT INTO VPN VALUES ('hamlet@bingmail.com', 'www.privatevpn.com', 4, 'Frankfurt, Rome, Lisbon, Liege, New York, Athens, Budapest, Dublin, Barcelona, Warsaw');
INSERT INTO VPN VALUES ('robinson@dbmail.com', 'www.expressvpn.com', 4, 'Lisbon, Paris, Vienna, Berlin, Dublin, Athens, Brussels, Sofia, Oslo, Warsaw');
INSERT INTO VPN VALUES ('rob@mmail.com', 'www.expressvpn.com', 4, 'Lisbon, Paris, Vienna, Berlin, Dublin, Athens, Brussels, Sofia, Oslo, Warsaw');

INSERT INTO premium_user VALUES('hamlet@bingmail.com');
INSERT INTO premium_user VALUES('harry@gomail.com');
INSERT INTO premium_user VALUES('robinson@dbmail.com');

INSERT INTO regular_user VALUES('albus@mail.com', 0);
INSERT INTO regular_user VALUES('rob@mmail.com', 0);
INSERT INTO regular_user VALUES('horatio@dbmail.com', 0);
INSERT INTO regular_user VALUES('jacob@mail.com', 0);
INSERT INTO regular_user VALUES("rattytytat@ratratrat.com", 0);
INSERT INTO regular_user VALUES("jamiebond@bingmail.com", 0);
INSERT INTO regular_user VALUES("cattycat@bingmail.com", 0);

INSERT INTO bank_transfer VALUES('NL49RABO157935872026', 'Bank_of_Netherlands', 'ABNANL2AXXX'); 
INSERT INTO bank_transfer VALUES('DE295001051788317893436', 'Bank_of_Sparkasse', 'SBREDE22XXX');
INSERT INTO bank_transfer VALUES('HG78131000075493917373484474', 'Bank_of_Hunriga', 'TAKBHUHB'); 
INSERT INTO bank_transfer VALUES('IS132757131673746246964943', 'Bank_of_Iceland', 'BYRSISRE');
INSERT INTO bank_transfer VALUES('ES6214656287386399827627', 'Bank_of_', 'BMEUESM1XXX');
INSERT INTO bank_transfer VALUES('FR0810096000708588523593E46', 'Bank_of_Francia', 'AFOPFR21XXX');
INSERT INTO bank_transfer VALUES('DE2950010517858981779d35', 'Deutsche_Bank', 'DEUTDE2H258');
INSERT INTO bank_transfer VALUES('DE2950010517858933817795', 'Commerzbank', 'DRESDEFFMBP');
INSERT INTO bank_transfer VALUES('ES7101281339777993368141', 'Bank_of_personas', 'PRSDFVS1XXX');
INSERT INTO bank_transfer VALUES('GE11625884843399771583', 'Bank_of_Georgia', 'GRBTBA276');
INSERT INTO credit_card VALUES('jacob','4916331997876481');
INSERT INTO credit_card VALUES('rob', '5127277800795180');
INSERT INTO credit_card VALUES('albus', '4532217441250868398');
INSERT INTO paypal VALUES('hamlet@bingmail.com');
INSERT INTO paypal VALUES('robinson@dbmail.com');
INSERT INTO paypal VALUES('jamiebond@bingmail.com');
INSERT INTO paypal VALUES('horatio@dbmail.com');

INSERT INTO general_account VALUES ('horatio@dbmail.com', 'www.netflix.com', 'Provides video streaming services');
INSERT INTO general_account VALUES ('horatio@dbmail.com', 'www.google.com/google-play', 'Provides music streaming services');
INSERT INTO general_account VALUES ('horatio@dbmail.com', 'www.theguardian.com', 'Provides magazine services');

INSERT INTO general_account VALUES ('hamlet@bingmail.com', 'www.youtube.com', 'Provides video streaming services');
INSERT INTO general_account VALUES ('hamlet@bingmail.com', 'www.google.com/google-play', 'Provides music streaming services');
INSERT INTO general_account VALUES ('hamlet@bingmail.com', 'www.theweek.com', 'Provides magazine services');
INSERT INTO general_account VALUES ('hamlet@bingmail.com', 'www.adobe.com', 'Provides a software suite service');
INSERT INTO general_account VALUES ('hamlet@bingmail.com', 'www.privatevpn.com', 'Provides a VPN services');

INSERT INTO general_account VALUES ('albus@mail.com', 'www.vimeo.com', 'Provides video streaming services');
INSERT INTO general_account VALUES ('albus@mail.com', 'www.spotify.com', 'Provides music streaming services');
INSERT INTO general_account VALUES ('albus@mail.com', 'www.theguardian.com', 'Provides magazine services');
INSERT INTO general_account VALUES ('albus@mail.com', 'www.msoffice.com', 'Provides a software suite service');
INSERT INTO general_account VALUES ('albus@mail.com', 'www.norton360.com', 'Provides a software suite service');
INSERT INTO general_account VALUES ('albus@mail.com', 'www.nordVPN.com', 'Provides a VPN services');

INSERT INTO general_account VALUES ('harry@gomail.com', 'www.amazon.com/prime-video', 'Provides video streaming services');
INSERT INTO general_account VALUES ('harry@gomail.com', 'www.spotify.com', 'Provides music streaming services');
INSERT INTO general_account VALUES ('harry@gomail.com', 'www.msoffice.com', 'Provides a software suite service');
INSERT INTO general_account VALUES ('harry@gomail.com', 'www.myVPN.com', 'Provides a VPN services');

INSERT INTO general_account VALUES ('rob@mmail.com', 'www.netflix.com', 'Provides video streaming services');
INSERT INTO general_account VALUES ('rob@mmail.com', 'www.apple.com/apple-music', 'Provides music streaming services');
INSERT INTO general_account VALUES ('rob@mmail.com', 'www.expressvpn.com', 'Provides a VPN services');

INSERT INTO general_account VALUES ('robinson@dbmail.com', 'www.amazon.com/prime-video', 'Provides video streaming services');
INSERT INTO general_account VALUES ('robinson@dbmail.com', 'www.apple.com/apple-music', 'Provides music streaming services');
INSERT INTO general_account VALUES ('robinson@dbmail.com', 'www.spotify.com', 'Provides music streaming services');
INSERT INTO general_account VALUES ('robinson@dbmail.com', 'www.expressvpn.com', 'Provides a VPN services');

INSERT INTO general_account VALUES ('jacob@mail.com', 'www.google.com/google-play', 'Provides music streaming services');

INSERT INTO general_account VALUES ('rattytytat@ratratrat.com', 'www.vimeo.com', 'Provides video streaming services');
INSERT INTO general_account VALUES ('rattytytat@ratratrat.com', 'www.spotify.com', 'Provides music streaming services');
INSERT INTO general_account VALUES ('rattytytat@ratratrat.com', 'www.nytimes.com', 'Provides magazine services');
INSERT INTO general_account VALUES ('rattytytat@ratratrat.com', 'www.google.com', 'Provides a software suite service');
INSERT INTO general_account VALUES ('rattytytat@ratratrat.com', 'www.surfshark.com', 'Provides a VPN services');

INSERT INTO general_account VALUES ('jamiebond@bingmail.com', 'www.spotify.com','Provides music streaming services');
INSERT INTO general_account VALUES ('jamiebond@bingmail.com', 'www.apple.com/apple-music','Provides music streaming services');
INSERT INTO general_account VALUES ('jamiebond@bingmail.com', 'www.economist.com', 'Provides magazine services');
INSERT INTO general_account VALUES ('jamiebond@bingmail.com', 'www.adobe.com', 'Provides a software suite service');
INSERT INTO general_account VALUES ('jamiebond@bingmail.com', 'www.privatevpn.com', 'Provides a VPN services');

INSERT INTO general_account VALUES ('cattycat@bingmail.com', 'www.google.com/google-play', 'Provides music streaming services');
INSERT INTO general_account VALUES ('cattycat@bingmail.com', 'www.economist.com','Provides magazine services');
INSERT INTO general_account VALUES ('cattycat@bingmail.com', 'www.nytimes.com', 'Provides magazine services');

INSERT INTO details VALUES ();
INSERT INTO details VALUES ();
INSERT INTO details VALUES ();
INSERT INTO details VALUES ();
INSERT INTO details VALUES ();
INSERT INTO details VALUES ();
INSERT INTO details VALUES ();
INSERT INTO details VALUES ();
INSERT INTO details VALUES ();
INSERT INTO details VALUES ();
INSERT INTO details VALUES ();
INSERT INTO details VALUES ();
INSERT INTO details VALUES ();
INSERT INTO details VALUES ();
INSERT INTO details VALUES ();
INSERT INTO details VALUES ();
INSERT INTO details VALUES ();
INSERT INTO details VALUES ();
INSERT INTO details VALUES ();
INSERT INTO details VALUES ();
INSERT INTO details VALUES ();
INSERT INTO details VALUES ();
INSERT INTO details VALUES ();
INSERT INTO details VALUES ();
INSERT INTO details VALUES ();
INSERT INTO details VALUES ();
INSERT INTO details VALUES ();
INSERT INTO details VALUES ();
INSERT INTO details VALUES ();
INSERT INTO details VALUES ();
INSERT INTO details VALUES ();
INSERT INTO details VALUES ();
INSERT INTO details VALUES ();
INSERT INTO details VALUES ();
INSERT INTO details VALUES ();
INSERT INTO details VALUES ();
INSERT INTO details VALUES ();
INSERT INTO details VALUES ();
INSERT INTO details VALUES ();
INSERT INTO details VALUES ();
INSERT INTO details VALUES ();
INSERT INTO details VALUES ();
INSERT INTO details VALUES ();
INSERT INTO details VALUES ();
INSERT INTO details VALUES ();
INSERT INTO details VALUES ();
INSERT INTO details VALUES ();
INSERT INTO details VALUES ();
INSERT INTO details VALUES ();
INSERT INTO details VALUES ();
INSERT INTO details VALUES ();
INSERT INTO details VALUES ();
INSERT INTO details VALUES ();
INSERT INTO details VALUES ();
INSERT INTO details VALUES ();
INSERT INTO details VALUES ();
INSERT INTO details VALUES ();
INSERT INTO details VALUES ();
INSERT INTO details VALUES ();
INSERT INTO details VALUES ();
INSERT INTO details VALUES ();
INSERT INTO details VALUES ();
INSERT INTO details VALUES ();
INSERT INTO details VALUES ();
INSERT INTO details VALUES ();
INSERT INTO details VALUES ();
INSERT INTO details VALUES ();
INSERT INTO details VALUES ();
INSERT INTO details VALUES ();
INSERT INTO details VALUES ();
INSERT INTO details VALUES ();
INSERT INTO details VALUES ();
INSERT INTO details VALUES ();
INSERT INTO details VALUES ();
INSERT INTO details VALUES ();
INSERT INTO details VALUES ();
INSERT INTO details VALUES ();

INSERT INTO payment_details (payment_amount, next_payment_date) VALUES (10, '2020.11.15');
INSERT INTO payment_details (payment_amount, next_payment_date) VALUES (10, '2020.11.15');
INSERT INTO payment_details (payment_amount, next_payment_date) VALUES (10, '2020.11.15');
INSERT INTO payment_details (payment_amount, next_payment_date) VALUES (10, '2020.11.15');
INSERT INTO payment_details (payment_amount, next_payment_date) VALUES (10, '2020.11.15');
INSERT INTO payment_details (payment_amount, next_payment_date) VALUES (10, '2020.11.15');
INSERT INTO payment_details (payment_amount, next_payment_date) VALUES (10, '2020.11.15');
INSERT INTO payment_details (payment_amount, next_payment_date) VALUES (10, '2020.11.15');
INSERT INTO payment_details (payment_amount, next_payment_date) VALUES (10, '2020.11.15');
INSERT INTO payment_details (payment_amount, next_payment_date) VALUES (10, '2020.11.15');
INSERT INTO payment_details (payment_amount, next_payment_date) VALUES (10, '2020.11.15');
INSERT INTO payment_details (payment_amount, next_payment_date) VALUES (10, '2020.11.15');
INSERT INTO payment_details (payment_amount, next_payment_date) VALUES (10, '2020.11.15');
INSERT INTO payment_details (payment_amount, next_payment_date) VALUES (10, '2020.11.15');
INSERT INTO payment_details (payment_amount, next_payment_date) VALUES (10, '2020.11.15');
INSERT INTO payment_details (payment_amount, next_payment_date) VALUES (10, '2020.11.15');
INSERT INTO payment_details (payment_amount, next_payment_date) VALUES (10, '2020.11.15');
INSERT INTO payment_details (payment_amount, next_payment_date) VALUES (10, '2020.11.15');
INSERT INTO payment_details (payment_amount, next_payment_date) VALUES (10, '2020.11.15');
INSERT INTO payment_details (payment_amount, next_payment_date) VALUES (10, '2020.11.15');
INSERT INTO payment_details (payment_amount, next_payment_date) VALUES (10, '2020.11.15');
INSERT INTO payment_details (payment_amount, next_payment_date) VALUES (10, '2020.11.15');
INSERT INTO payment_details (payment_amount, next_payment_date) VALUES (10, '2020.11.15');
INSERT INTO payment_details (payment_amount, next_payment_date) VALUES (10, '2020.11.15');
INSERT INTO payment_details (payment_amount, next_payment_date) VALUES (10, '2020.11.15');
INSERT INTO payment_details (payment_amount, next_payment_date) VALUES (10, '2020.11.15');
INSERT INTO payment_details (payment_amount, next_payment_date) VALUES (10, '2020.11.15');
INSERT INTO payment_details (payment_amount, next_payment_date) VALUES (10, '2020.11.15');
INSERT INTO payment_details (payment_amount, next_payment_date) VALUES (10, '2020.11.15');
INSERT INTO payment_details (payment_amount, next_payment_date) VALUES (10, '2020.11.15');
INSERT INTO payment_details (payment_amount, next_payment_date) VALUES (10, '2020.11.15');
INSERT INTO payment_details (payment_amount, next_payment_date) VALUES (10, '2020.11.15');
INSERT INTO payment_details (payment_amount, next_payment_date) VALUES (10, '2020.11.15');
INSERT INTO payment_details (payment_amount, next_payment_date) VALUES (10, '2020.11.15');
INSERT INTO payment_details (payment_amount, next_payment_date) VALUES (10, '2020.11.15');
INSERT INTO payment_details (payment_amount, next_payment_date) VALUES (10, '2020.11.15');
INSERT INTO payment_details (payment_amount, next_payment_date) VALUES (10, '2020.11.15');
INSERT INTO payment_details (payment_amount, next_payment_date) VALUES (10, '2020.11.15');
INSERT INTO payment_details (payment_amount, next_payment_date) VALUES (10, '2020.11.15');

INSERT INTO account_details VALUES (39,'horatio@dbmail.com', 'www.netflix.com');
INSERT INTO account_details VALUES (1,'horatio@dbmail.com', 'www.netflix.com');
INSERT INTO account_details VALUES (20,'horatio@dbmail.com', 'www.netflix.com');
INSERT INTO account_details VALUES (40,'rob@mmail.com', 'www.netflix.com');
INSERT INTO account_details VALUES (1,'rob@mmail.com', 'www.netflix.com');
INSERT INTO account_details VALUES (20,'rob@mmail.com', 'www.netflix.com');
INSERT INTO account_details VALUES (41,'robinson@dbmail.com', 'www.amazon.com');
INSERT INTO account_details VALUES (2,'robinson@dbmail.com', 'www.amazon.com');
INSERT INTO account_details VALUES (21,'robinson@dbmail.com', 'www.amazon.com');
INSERT INTO account_details VALUES (42,'harry@gomail.com', 'www.amazon.com');
INSERT INTO account_details VALUES (2,'harry@gomail.com', 'www.amazon.com');
INSERT INTO account_details VALUES (21,'harry@gomail.com', 'www.amazon.com');
INSERT INTO account_details VALUES (43,'hamlet@bingmail.com', 'www.youtube.com');
INSERT INTO account_details VALUES (3,'hamlet@bingmail.com', 'www.youtube.com');
INSERT INTO account_details VALUES (22,'hamlet@bingmail.com', 'www.youtube.com');
INSERT INTO account_details VALUES (44,'albus@mail.com', 'www.vimeo.com');
INSERT INTO account_details VALUES (4,'albus@mail.com', 'www.vimeo.com');
INSERT INTO account_details VALUES (23,'albus@mail.com', 'www.vimeo.com');
INSERT INTO account_details VALUES (45,'rattytytat@ratratrat.com', 'www.vimeo.com');
INSERT INTO account_details VALUES (4,'rattytytat@ratratrat.com', 'www.vimeo.com');
INSERT INTO account_details VALUES (23,'rattytytat@ratratrat.com', 'www.vimeo.com');
INSERT INTO account_details VALUES (46,'rob@mmail.com', 'www.apple.com');
INSERT INTO account_details VALUES (5,'rob@mmail.com', 'www.apple.com');
INSERT INTO account_details VALUES (24,'rob@mmail.com', 'www.apple.com');
INSERT INTO account_details VALUES (47,'robinson@dbmail.com', 'www.apple.com');
INSERT INTO account_details VALUES (5,'robinson@dbmail.com', 'www.apple.com');
INSERT INTO account_details VALUES (24,'robinson@dbmail.com', 'www.apple.com');
INSERT INTO account_details VALUES (48,'jamiebond@bingmail.com', 'www.apple.com');
INSERT INTO account_details VALUES (5,'jamiebond@bingmail.com', 'www.apple.com');
INSERT INTO account_details VALUES (24,'jamiebond@bingmail.com', 'www.apple.com');
INSERT INTO account_details VALUES (49,'harry@gomail.com', 'www.spotify.com');
INSERT INTO account_details VALUES (6,'harry@gomail.com', 'www.spotify.com');
INSERT INTO account_details VALUES (25,'harry@gomail.com', 'www.spotify.com');
INSERT INTO account_details VALUES (50,'albus@mail.com', 'www.spotify.com');
INSERT INTO account_details VALUES (6,'albus@mail.com', 'www.spotify.com');
INSERT INTO account_details VALUES (25,'albus@mail.com', 'www.spotify.com');
INSERT INTO account_details VALUES (51 ,'jamiebond@bingmail.com', 'www.spotify.com');
INSERT INTO account_details VALUES (6,'jamiebond@bingmail.com', 'www.spotify.com');
INSERT INTO account_details VALUES (25,'jamiebond@bingmail.com', 'www.spotify.com');
INSERT INTO account_details VALUES (52,'robinson@dbmail.com', 'www.spotify.com');
INSERT INTO account_details VALUES (6,'robinson@dbmail.com', 'www.spotify.com');
INSERT INTO account_details VALUES (25,'robinson@dbmail.com', 'www.spotify.com');
INSERT INTO account_details VALUES (53,'rattytytat@ratratrat.com', 'www.spotify.com');
INSERT INTO account_details VALUES (6,'rattytytat@ratratrat.com', 'www.spotify.com');
INSERT INTO account_details VALUES (25,'rattytytat@ratratrat.com', 'www.spotify.com');
INSERT INTO account_details VALUES (54,'hamlet@bingmail.com', 'www.google.com');
INSERT INTO account_details VALUES (7,'hamlet@bingmail.com', 'www.google.com');
INSERT INTO account_details VALUES (26,'hamlet@bingmail.com', 'www.google.com');
INSERT INTO account_details VALUES (55,'horatio@dbmail.com', 'www.google.com');
INSERT INTO account_details VALUES (7,'horatio@dbmail.com', 'www.google.com');
INSERT INTO account_details VALUES (26,'horatio@dbmail.com', 'www.google.com');
INSERT INTO account_details VALUES (56,'cattycat@bingmail.com', 'www.google.com');
INSERT INTO account_details VALUES (7,'cattycat@bingmail.com', 'www.google.com');
INSERT INTO account_details VALUES (26,'cattycat@bingmail.com', 'www.google.com');
INSERT INTO account_details VALUES (57,'jacob@mail.com', 'www.google.com');
INSERT INTO account_details VALUES (7,'jacob@mail.com', 'www.google.com');
INSERT INTO account_details VALUES (26,'jacob@mail.com', 'www.google.com');
INSERT INTO account_details VALUES (58,'jamiebond@bingmail.com', 'www.economist.com');
INSERT INTO account_details VALUES (8,'jamiebond@bingmail.com', 'www.economist.com');
INSERT INTO account_details VALUES (27,'jamiebond@bingmail.com', 'www.economist.com');
INSERT INTO account_details VALUES (59,'cattycat@bingmail.com', 'www.economist.com');
INSERT INTO account_details VALUES (8,'cattycat@bingmail.com', 'www.economist.com');
INSERT INTO account_details VALUES (27,'cattycat@bingmail.com', 'www.economist.com');
INSERT INTO account_details VALUES (60,'cattycat@bingmail.com', 'www.nytimes.com');
INSERT INTO account_details VALUES (9,'cattycat@bingmail.com', 'www.nytimes.com');
INSERT INTO account_details VALUES (28,'cattycat@bingmail.com', 'www.nytimes.com');
INSERT INTO account_details VALUES (61,'rattytytat@ratratrat.com', 'www.nytimes.com');
INSERT INTO account_details VALUES (9,'rattytytat@ratratrat.com', 'www.nytimes.com');
INSERT INTO account_details VALUES (28,'rattytytat@ratratrat.com', 'www.nytimes.com');
INSERT INTO account_details VALUES (62,'horatio@dbmail.com', 'www.theguardian.com');
INSERT INTO account_details VALUES (10,'horatio@dbmail.com', 'www.theguardian.com');
INSERT INTO account_details VALUES (29,'horatio@dbmail.com', 'www.theguardian.com');
INSERT INTO account_details VALUES (63,'albus@mail.com', 'www.theguardian.com');
INSERT INTO account_details VALUES (10,'albus@mail.com', 'www.theguardian.com');
INSERT INTO account_details VALUES (29,'albus@mail.com', 'www.theguardian.com');
INSERT INTO account_details VALUES (64,'hamlet@bingmail.com', 'www.theweek.com');
INSERT INTO account_details VALUES (11,'hamlet@bingmail.com', 'www.theweek.com');
INSERT INTO account_details VALUES (30,'hamlet@bingmail.com', 'www.theweek.com');
INSERT INTO account_details VALUES (65,'albus@mail.com', 'www.msoffice.com');
INSERT INTO account_details VALUES (12,'albus@mail.com', 'www.msoffice.com');
INSERT INTO account_details VALUES (31,'albus@mail.com', 'www.msoffice.com');
INSERT INTO account_details VALUES (66,'jamiebond@bingmail.com', 'www.adobe.com');
INSERT INTO account_details VALUES (13,'jamiebond@bingmail.com', 'www.adobe.com');
INSERT INTO account_details VALUES (32,'jamiebond@bingmail.com', 'www.adobe.com');
INSERT INTO account_details VALUES (67,'hamlet@bingmail.com', 'www.adobe.com');
INSERT INTO account_details VALUES (13,'hamlet@bingmail.com', 'www.adobe.com');
INSERT INTO account_details VALUES (32,'hamlet@bingmail.com', 'www.adobe.com');
INSERT INTO account_details VALUES (68,'albus@mail.com', 'www.norton360.com');
INSERT INTO account_details VALUES (14,'albus@mail.com', 'www.norton360.com');
INSERT INTO account_details VALUES (33,'albus@mail.com', 'www.norton360.com');
INSERT INTO account_details VALUES (69,'albus@mail.com', 'www.nordVPN.com');
INSERT INTO account_details VALUES (15,'albus@mail.com', 'www.nordVPN.com');
INSERT INTO account_details VALUES (34,'albus@mail.com', 'www.nordVPN.com');
INSERT INTO account_details VALUES (70,'harry@gomail.com', 'www.myVPN.com');
INSERT INTO account_details VALUES (16,'harry@gomail.com', 'www.myVPN.com');
INSERT INTO account_details VALUES (35,'harry@gomail.com', 'www.myVPN.com');
INSERT INTO account_details VALUES (71,'rattytytat@ratratrat.com', 'www.surfshark.com');
INSERT INTO account_details VALUES (17,'rattytytat@ratratrat.com', 'www.surfshark.com');
INSERT INTO account_details VALUES (36,'rattytytat@ratratrat.com', 'www.surfshark.com');
INSERT INTO account_details VALUES (72,'jamiebond@bingmail.com', 'www.privatevpn.com');
INSERT INTO account_details VALUES (18,'jamiebond@bingmail.com', 'www.privatevpn.com');
INSERT INTO account_details VALUES (37,'jamiebond@bingmail.com', 'www.privatevpn.com');
INSERT INTO account_details VALUES (73,'hamlet@bingmail.com', 'www.privatevpn.com');
INSERT INTO account_details VALUES (18,'hamlet@bingmail.com', 'www.privatevpn.com');
INSERT INTO account_details VALUES (37,'hamlet@bingmail.com', 'www.privatevpn.com');
INSERT INTO account_details VALUES (74,'robinson@dbmail.com', 'www.expressvpn.com');
INSERT INTO account_details VALUES (19,'robinson@dbmail.com', 'www.expressvpn.com');
INSERT INTO account_details VALUES (38,'robinson@dbmail.com', 'www.expressvpn.com');
INSERT INTO account_details VALUES (75,'rob@mmail.com', 'www.expressvpn.com');
INSERT INTO account_details VALUES (19,'rob@mmail.com', 'www.expressvpn.com');
INSERT INTO account_details VALUES (38,'rob@mmail.com', 'www.expressvpn.com');
INSERT INTO account_details VALUES (76,'harry@gomail.com', 'www.msoffice.com');
INSERT INTO account_details VALUES (12,'harry@gomail.com', 'www.msoffice.com');
INSERT INTO account_details VALUES (31,'harry@gomail.com', 'www.msoffice.com');
INSERT INTO account_details VALUES (77,'rattytytat@ratratrat.com', 'www.google.com');
INSERT INTO account_details VALUES (7,'rattytytat@ratratrat.com', 'www.google.com');
INSERT INTO account_details VALUES (26,'rattytytat@ratratrat.com', 'www.google.com');

INSERT INTO data_usage VALUES (1, '2020.10.10', 'www.netflix.com/data_usage');
INSERT INTO data_usage VALUES (2, '2020.10.10','www.amazon.com/data_usage');
INSERT INTO data_usage VALUES (3, '2020.10.10','www.youtube.com/data_usage');
INSERT INTO data_usage VALUES (4, '2020.10.10','www.vimeo.com/data_usage');
INSERT INTO data_usage VALUES (5, '2020.10.10','www.apple.com/data_usage');
INSERT INTO data_usage VALUES (6, '2020.10.10','www.spotify.com/data_usage');
INSERT INTO data_usage VALUES (7, '2020.10.10','www.google.com/data_usage');
INSERT INTO data_usage VALUES (8, '2020.10.10','www.economist.com/data_usage');
INSERT INTO data_usage VALUES (9, '2020.10.10','www.nytimes.com/data_usage');
INSERT INTO data_usage VALUES (10, '2020.10.10','www.theguardian.com/data_usage');
INSERT INTO data_usage VALUES (11, '2020.10.10','www.theweek.com/data_usage');
INSERT INTO data_usage VALUES (12, '2020.10.10','www.msoffice.com/data_usage');
INSERT INTO data_usage VALUES (13, '2020.10.10','www.adobe.com/data_usage');
INSERT INTO data_usage VALUES (14, '2020.10.10','www.norton360.com/data_usage');
INSERT INTO data_usage VALUES (15, '2020.10.10','www.nordVPN.com/data_usage');
INSERT INTO data_usage VALUES (16, '2020.10.10','www.myVPN.com/data_usage');
INSERT INTO data_usage VALUES (17, '2020.10.10','www.surfshark.com/data_usage');
INSERT INTO data_usage VALUES (18, '2020.10.10','www.privatevpn.com/data_usage');
INSERT INTO data_usage VALUES (19, '2020.10.10','www.expressvpn.com/data_usage');

INSERT INTO account_deletion VALUES (20, 'www.netflix.com/account_deletion');
INSERT INTO account_deletion VALUES (21, 'www.amazon.com/account_deletion');
INSERT INTO account_deletion VALUES (22, 'www.youtube.com/account_deletion');
INSERT INTO account_deletion VALUES (23, 'www.vimeo.com/account_deletion');
INSERT INTO account_deletion VALUES (24, 'www.apple.com/account_deletion');
INSERT INTO account_deletion VALUES (25, 'www.spotify.com/account_deletion');
INSERT INTO account_deletion VALUES (26, 'www.google.com/account_deletion');
INSERT INTO account_deletion VALUES (27, 'www.economist.com/account_deletion');
INSERT INTO account_deletion VALUES (28, 'www.nytimes.com/account_deletion');
INSERT INTO account_deletion VALUES (29, 'www.theguardian.com/account_deletion');
INSERT INTO account_deletion VALUES (30, 'www.theweek.com/account_deletion');
INSERT INTO account_deletion VALUES (31, 'www.msoffice.com/account_deletion');
INSERT INTO account_deletion VALUES (32, 'www.adobe.com/account_deletion');
INSERT INTO account_deletion VALUES (33, 'www.norton360.com/account_deletion');
INSERT INTO account_deletion VALUES (34, 'www.nordVPN.com/account_deletion');
INSERT INTO account_deletion VALUES (35, 'www.myVPN.com/account_deletion');
INSERT INTO account_deletion VALUES (36, 'www.surfshark.com/account_deletion');
INSERT INTO account_deletion VALUES (37, 'www.privatevpn.com/account_deletion');
INSERT INTO account_deletion VALUES (38, 'www.expressvpn.com/account_deletion');

INSERT INTO general_account_payment_details (detail_id, updates_and_messages) VALUES(39, 'no important messages or updates');
INSERT INTO general_account_payment_details (detail_id, updates_and_messages) VALUES(40, 'no important messages or updates');
INSERT INTO general_account_payment_details (detail_id, updates_and_messages) VALUES(41, 'no important messages or updates');
INSERT INTO general_account_payment_details (detail_id, updates_and_messages) VALUES(42, 'no important messages or updates');
INSERT INTO general_account_payment_details (detail_id, updates_and_messages) VALUES(43, 'no important messages or updates');
INSERT INTO general_account_payment_details (detail_id, updates_and_messages) VALUES(44, 'no important messages or updates');
INSERT INTO general_account_payment_details (detail_id, updates_and_messages) VALUES(45, 'no important messages or updates');
INSERT INTO general_account_payment_details (detail_id, updates_and_messages) VALUES(46, 'no important messages or updates');
INSERT INTO general_account_payment_details (detail_id, updates_and_messages) VALUES(47, 'no important messages or updates');
INSERT INTO general_account_payment_details (detail_id, updates_and_messages) VALUES(48, 'no important messages or updates');
INSERT INTO general_account_payment_details (detail_id, updates_and_messages) VALUES(49, 'no important messages or updates');
INSERT INTO general_account_payment_details (detail_id, updates_and_messages) VALUES(50, 'no important messages or updates');
INSERT INTO general_account_payment_details (detail_id, updates_and_messages) VALUES(51, 'no important messages or updates');
INSERT INTO general_account_payment_details (detail_id, updates_and_messages) VALUES(52, 'no important messages or updates');
INSERT INTO general_account_payment_details (detail_id, updates_and_messages) VALUES(53, 'no important messages or updates');
INSERT INTO general_account_payment_details (detail_id, updates_and_messages) VALUES(54, 'no important messages or updates');
INSERT INTO general_account_payment_details (detail_id, updates_and_messages) VALUES(55, 'no important messages or updates');
INSERT INTO general_account_payment_details (detail_id, updates_and_messages) VALUES(56, 'no important messages or updates');
INSERT INTO general_account_payment_details (detail_id, updates_and_messages) VALUES(57, 'no important messages or updates');
INSERT INTO general_account_payment_details (detail_id, updates_and_messages) VALUES(58, 'no important messages or updates');
INSERT INTO general_account_payment_details (detail_id, updates_and_messages) VALUES(59, 'no important messages or updates');
INSERT INTO general_account_payment_details (detail_id, updates_and_messages) VALUES(60, 'no important messages or updates');
INSERT INTO general_account_payment_details (detail_id, updates_and_messages) VALUES(61, 'no important messages or updates');
INSERT INTO general_account_payment_details (detail_id, updates_and_messages) VALUES(62, 'no important messages or updates');
INSERT INTO general_account_payment_details (detail_id, updates_and_messages) VALUES(63, 'no important messages or updates');
INSERT INTO general_account_payment_details (detail_id, updates_and_messages) VALUES(64, 'no important messages or updates');
INSERT INTO general_account_payment_details (detail_id, updates_and_messages) VALUES(65, 'no important messages or updates');
INSERT INTO general_account_payment_details (detail_id, updates_and_messages) VALUES(66, 'no important messages or updates');
INSERT INTO general_account_payment_details (detail_id, updates_and_messages) VALUES(67, 'no important messages or updates');
INSERT INTO general_account_payment_details (detail_id, updates_and_messages) VALUES(68, 'no important messages or updates');
INSERT INTO general_account_payment_details (detail_id, updates_and_messages) VALUES(69, 'no important messages or updates');
INSERT INTO general_account_payment_details (detail_id, updates_and_messages) VALUES(70, 'no important messages or updates');
INSERT INTO general_account_payment_details (detail_id, updates_and_messages) VALUES(71, 'no important messages or updates');
INSERT INTO general_account_payment_details (detail_id, updates_and_messages) VALUES(72, 'no important messages or updates');
INSERT INTO general_account_payment_details (detail_id, updates_and_messages) VALUES(73, 'no important messages or updates');
INSERT INTO general_account_payment_details (detail_id, updates_and_messages) VALUES(74, 'no important messages or updates');
INSERT INTO general_account_payment_details (detail_id, updates_and_messages) VALUES(75, 'no important messages or updates');
INSERT INTO general_account_payment_details (detail_id, updates_and_messages) VALUES(76, 'no important messages or updates');
INSERT INTO general_account_payment_details (detail_id, updates_and_messages) VALUES(77, 'no important messages or updates');

INSERT INTO payment_means VALUES(1, 'hamlet@bingmail.com', NULL, 'hamlet@bingmail.com', NULL);
INSERT INTO payment_means VALUES(2, NULL, 'DE295001051788317893436', 'harry@gomail.com', NULL);
INSERT INTO payment_means VALUES(3, 'robinson@dbmail.com', NULL, 'robinson@dbmail.com', NULL);
INSERT INTO payment_means VALUES(4, 'horatio@dbmail.com', NULL , 'horatio@dbmail.com', NULL);
INSERT INTO payment_means VALUES(5, NULL, NULL, 'albus@mail.com', '4532217441250868398');
INSERT INTO payment_means VALUES(6, NULL, NULL, 'rob@mmail.com', '5127277800795180');
INSERT INTO payment_means VALUES(7, NULL, NULL, 'jacob@mail.com', '4916331997876481');
INSERT INTO payment_means VALUES(8, NULL, 'NL49RABO157935872026', 'rattytytat@ratratrat.com', NULL);
INSERT INTO payment_means VALUES(9, 'jamiebond@bingmail.com', NULL, 'jamiebond@bingmail.com', NULL);
INSERT INTO payment_means VALUES(10, NULL, 'HG78131000075493917373484474', 'cattycat@bingmail.com', NULL);

INSERT INTO subs_payment_method (email, payment_details) VALUES ('hamlet@bingmail.com',1);
INSERT INTO subs_payment_method (email, payment_details) VALUES ('harry@gomail.com',2);
INSERT INTO subs_payment_method (email, payment_details) VALUES ('robinson@dbmail.com',3);

INSERT INTO payment_links VALUES (39,1);
INSERT INTO payment_links VALUES (40,2);
INSERT INTO payment_links VALUES (41,3);
INSERT INTO payment_links VALUES (42,4);
INSERT INTO payment_links VALUES (43,5);
INSERT INTO payment_links VALUES (44,6);
INSERT INTO payment_links VALUES (45,8);
INSERT INTO payment_links VALUES (46,9);
INSERT INTO payment_links VALUES (47,10);
INSERT INTO payment_links VALUES (48,11);
INSERT INTO payment_links VALUES (49,12);
INSERT INTO payment_links VALUES (50,12);
INSERT INTO payment_links VALUES (51,13);
INSERT INTO payment_links VALUES (52,14);
INSERT INTO payment_links VALUES (53,15);
INSERT INTO payment_links VALUES (54,16);
INSERT INTO payment_links VALUES (55,17);
INSERT INTO payment_links VALUES (56,18);
INSERT INTO payment_links VALUES (57,19);
INSERT INTO payment_links VALUES (58,20);
INSERT INTO payment_links VALUES (59,21);
INSERT INTO payment_links VALUES (60,22);
INSERT INTO payment_links VALUES (61,23);
INSERT INTO payment_links VALUES (62,24);
INSERT INTO payment_links VALUES (63,25);
INSERT INTO payment_links VALUES (64,26);
INSERT INTO payment_links VALUES (65,27);
INSERT INTO payment_links VALUES (66,28);
INSERT INTO payment_links VALUES (67,29);
INSERT INTO payment_links VALUES (68,30);
INSERT INTO payment_links VALUES (69,31);
INSERT INTO payment_links VALUES (70,32);
INSERT INTO payment_links VALUES (71,33);
INSERT INTO payment_links VALUES (72,34);
INSERT INTO payment_links VALUES (73,35);
INSERT INTO payment_links VALUES (74,36);
INSERT INTO payment_links VALUES (75,37);
INSERT INTO payment_links VALUES (76,38);
INSERT INTO payment_links VALUES (77,39);


INSERT INTO related_account SELECT S.email,G.email, G.website FROM subs_account S, general_account G WHERE S.email = G.email;
